Barangay Name,Latitude,Longitude
Barangka,14.6327,121.0821
Calumpang,14.6238,121.0928
Concepcion Dos,14.6386,121.1117
Concepcion Uno,14.6497,121.102
Fortune,14.6632,121.1274
Industrial Valley,14.6271,121.08
Jesus de La Pena,14.6367,121.091
Malanday,14.65,121.0941
Marikina Heights,14.6501,121.117
Nangka,14.6726,121.1092
Parang,14.659,121.1123
San Roque,14.6281,121.0984
Santa Elena,14.6328,121.0977
Santo Nino,14.6367,121.0973
Tanong,14.6344,121.0867
Tumana,14.6562,121.0973
